{
    "_comment": "DO NOT EDIT: FILE GENERATED AUTOMATICALLY BY PTERODACTYL PANEL - PTERODACTYL.IO",
    "meta": {
        "version": "PTDL_v1"
    },
    "exported_at": "2019-07-05T11:59:29-04:00",
    "name": "Teamspeak3 Server",
    "author": "support@pterodactyl.io",
    "description": "VoIP software designed with security in mind, featuring crystal clear voice quality, endless customization options, and scalabilty up to thousands of simultaneous users.",
    "image": "quay.io/parkervcp/pterodactyl-images:base_debian",
    "startup": "./ts3server default_voice_port={{SERVER_PORT}} query_port={{SERVER_PORT}} filetransfer_ip=0.0.0.0 filetransfer_port={{FILE_TRANSFER}} license_accepted=1",
    "config": {
        "files": "{}",
        "startup": "{\r\n    \"done\": \"listening on 0.0.0.0:\",\r\n    \"userInteraction\": []\r\n}",
        "logs": "{\r\n    \"custom\": true,\r\n    \"location\": \"logs/ts3.log\"\r\n}",
        "stop": "^C"
    },
    "scripts": {
        "installation": {
            "script": "#!/bin/ash\r\n# TS3 Installation Script\r\n#\r\n# Server Files: /mnt/server\r\napk add --no-cache tar curl jq\r\n\r\nif [ -z ${TS_VERSION} ] || [ ${TS_VERSION} == latest ]; then\r\n    TS_VERSION=$(wget https://teamspeak.com/versions/server.json -qO - | jq -r '.linux.x86_64.version')\r\nfi\r\n\r\ncd /mnt/server\r\n\r\n\r\necho -e \"getting files from http://files.teamspeak-services.com/releases/server/${TS_VERSION}/teamspeak3-server_linux_amd64-${TS_VERSION}.tar.bz2\"\r\ncurl http://files.teamspeak-services.com/releases/server/${TS_VERSION}/teamspeak3-server_linux_amd64-${TS_VERSION}.tar.bz2 | tar xj --strip-components=1",
            "container": "alpine:3.9",
            "entrypoint": "ash"
        }
    },
    "variables": [
        {
            "name": "Server Version",
            "description": "The version of Teamspeak 3 to use when running the server.",
            "env_variable": "TS_VERSION",
            "default_value": "latest",
            "user_viewable": 1,
            "user_editable": 1,
            "rules": "required|string|max:6"
        },
        {
            "name": "File Transfer Port",
            "description": "The Teamspeak file transfer port",
            "env_variable": "FILE_TRANSFER",
            "default_value": "30033",
            "user_viewable": 1,
            "user_editable": 0,
            "rules": "required|integer|between:1,65535"
        }
    ]
}
