{
    "_comment": "DO NOT EDIT: FILE GENERATED AUTOMATICALLY BY PTERODACTYL PANEL - PTERODACTYL.IO",
    "meta": {
        "version": "PTDL_v1"
    },
    "exported_at": "2019-02-13T12:30:54-05:00",
    "name": "Ark: Survival Evolved",
    "author": "support@pterodactyl.io",
    "description": "As a man or woman stranded, naked, freezing, and starving on the unforgiving shores of a mysterious island called ARK, use your skill and cunning to kill or tame and ride the plethora of leviathan dinosaurs and other primeval creatures roaming the land. Hunt, harvest resources, craft items, grow crops, research technologies, and build shelters to withstand the elements and store valuables, all while teaming up with (or preying upon) hundreds of other players to survive, dominate... and escape! \u2014 Gamepedia: ARK",
    "image": "quay.io\/pterodactyl\/core:source",
    "startup": ".\/ShooterGame\/Binaries\/Linux\/ShooterGameServer {{SERVER_MAP}}?listen?ServerPassword={{ARK_PASSWORD}}?ServerAdminPassword={{ARK_ADMIN_PASSWORD}}?Port={{SERVER_PORT}}?MaxPlayers={{SERVER_MAX_PLAYERS}}",
    "config": {
        "files": "{}",
        "startup": "{\r\n    \"done\": \"Setting breakpad minidump AppID = 346110\",\r\n    \"userInteraction\": []\r\n}",
        "logs": "{\r\n    \"custom\": true,\r\n    \"location\": \"logs\/latest.log\"\r\n}",
        "stop": "quit"
    },
    "scripts": {
        "installation": {
            "script": "#!\/bin\/bash\n# ARK: Installation Script\n#\n# Server Files: \/mnt\/server\napt -y update\napt -y --no-install-recommends install curl lib32gcc1 ca-certificates\n\ncd \/tmp\ncurl -sSL -o steamcmd.tar.gz http:\/\/media.steampowered.com\/installer\/steamcmd_linux.tar.gz\n\nmkdir -p \/mnt\/server\/steamcmd\nmkdir -p \/mnt\/server\/Engine\/Binaries\/ThirdParty\/SteamCMD\/Linux\n\ntar -xzvf steamcmd.tar.gz -C \/mnt\/server\/steamcmd\ntar -xzvf steamcmd.tar.gz -C \/mnt\/server\/Engine\/Binaries\/ThirdParty\/SteamCMD\/Linux\n\ncd \/mnt\/server\/steamcmd\n\n# SteamCMD fails otherwise for some reason, even running as root.\n# This is changed at the end of the install process anyways.\nchown -R root:root \/mnt\n\nexport HOME=\/mnt\/server\n.\/steamcmd.sh +login anonymous +force_install_dir \/mnt\/server +app_update 376030 +quit\n\nmkdir -p \/mnt\/server\/.steam\/sdk32\ncp -v linux32\/steamclient.so ..\/.steam\/sdk32\/steamclient.so",
            "container": "ubuntu:16.04",
            "entrypoint": "bash"
        }
    },
    "variables": [
        {
            "name": "Server Password",
            "description": "If specified, players must provide this password to join the server.",
            "env_variable": "ARK_PASSWORD",
            "default_value": "",
            "user_viewable": 1,
            "user_editable": 1,
            "rules": "nullable|alpha_dash|between:1,100"
        },
        {
            "name": "Admin Password",
            "description": "If specified, players must provide this password (via the in-game console) to gain access to administrator commands on the server.",
            "env_variable": "ARK_ADMIN_PASSWORD",
            "default_value": "",
            "user_viewable": 1,
            "user_editable": 1,
            "rules": "nullable|alpha_dash|between:1,100"
        },
        {
            "name": "Maximum Players",
            "description": "Specifies the maximum number of players that can play on the server simultaneously.",
            "env_variable": "SERVER_MAX_PLAYERS",
            "default_value": "20",
            "user_viewable": 1,
            "user_editable": 1,
            "rules": "required|numeric|digits_between:1,4"
        },
        {
            "name": "Server Map",
            "description": "Available Maps: TheIsland, TheCenter, Ragnarok, ScorchedEarth_P, Aberration_P",
            "env_variable": "SERVER_MAP",
            "default_value": "TheIsland",
            "user_viewable": 1,
            "user_editable": 1,
            "rules": "required|string|max:20"
        }
    ]
}