{
    "_comment": "DO NOT EDIT: FILE GENERATED AUTOMATICALLY BY PTERODACTYL PANEL - PTERODACTYL.IO",
    "meta": {
        "version": "PTDL_v1"
    },
    "exported_at": "2018-06-19T07:46:06-04:00",
    "name": "Counter-Strike: Global Offensive",
    "author": "support@pterodactyl.io",
    "description": "Counter-Strike: Global Offensive is a multiplayer first-person shooter video game developed by Hidden Path Entertainment and Valve Corporation.",
    "image": "quay.io\/pterodactyl\/core:source",
    "startup": ".\/srcds_run -game csgo -console -port {{SERVER_PORT}} +ip 0.0.0.0 +map {{SRCDS_MAP}} -strictportbind -norestart +sv_setsteamaccount {{STEAM_ACC}}",
    "config": {
        "files": "{}",
        "startup": "{\r\n    \"done\": \"Connection to Steam servers successful\",\r\n    \"userInteraction\": []\r\n}",
        "logs": "{\r\n    \"custom\": true,\r\n    \"location\": \"logs\/latest.log\"\r\n}",
        "stop": "quit"
    },
    "scripts": {
        "installation": {
            "script": "#!\/bin\/bash\n# CSGO Installation Script\n#\n# Server Files: \/mnt\/server\napt -y update\napt -y --no-install-recommends install curl lib32gcc1 ca-certificates\n\ncd \/tmp\ncurl -sSL -o steamcmd.tar.gz http:\/\/media.steampowered.com\/installer\/steamcmd_linux.tar.gz\n\nmkdir -p \/mnt\/server\/steamcmd\ntar -xzvf steamcmd.tar.gz -C \/mnt\/server\/steamcmd\ncd \/mnt\/server\/steamcmd\n\n# SteamCMD fails otherwise for some reason, even running as root.\n# This is changed at the end of the install process anyways.\nchown -R root:root \/mnt\n\nexport HOME=\/mnt\/server\n.\/steamcmd.sh +login anonymous +force_install_dir \/mnt\/server +app_update 740 +quit\n\nmkdir -p \/mnt\/server\/.steam\/sdk32\ncp -v linux32\/steamclient.so ..\/.steam\/sdk32\/steamclient.so",
            "container": "ubuntu:16.04",
            "entrypoint": "bash"
        }
    },
    "variables": [
        {
            "name": "Map",
            "description": "The default map for the server.",
            "env_variable": "SRCDS_MAP",
            "default_value": "de_dust2",
            "user_viewable": 1,
            "user_editable": 1,
            "rules": "required|string|alpha_dash"
        },
        {
            "name": "Steam Account Token",
            "description": "The Steam Account Token required for the server to be displayed publicly.",
            "env_variable": "STEAM_ACC",
            "default_value": "",
            "user_viewable": 1,
            "user_editable": 1,
            "rules": "required|string|alpha_num|size:32"
        },
        {
            "name": "Source AppID",
            "description": "Required for game to update on server restart. Do not modify this.",
            "env_variable": "SRCDS_APPID",
            "default_value": "740",
            "user_viewable": 0,
            "user_editable": 0,
            "rules": "required|string|max:20"
        }
    ]
}
