{
    "_comment": "DO NOT EDIT: FILE GENERATED AUTOMATICALLY BY PTERODACTYL PANEL - PTERODACTYL.IO",
    "meta": {
        "version": "PTDL_v1"
    },
    "exported_at": "2019-02-07T07:47:35-05:00",
    "name": "Forge Minecraft",
    "author": "support@pterodactyl.io",
    "description": "Minecraft Forge Server. Minecraft Forge is a modding API (Application Programming Interface), which makes it easier to create mods, and also make sure mods are compatible with each other.",
    "image": "quay.io\/pterodactyl\/core:java",
    "startup": "java -Xms128M -Xmx{{SERVER_MEMORY}}M -jar {{SERVER_JARFILE}}",
    "config": {
        "files": "{\r\n    \"server.properties\": {\r\n        \"parser\": \"properties\",\r\n        \"find\": {\r\n            \"server-ip\": \"0.0.0.0\",\r\n            \"enable-query\": \"true\",\r\n            \"server-port\": \"{{server.build.default.port}}\",\r\n            \"query.port\": \"{{server.build.default.port}}\"\r\n        }\r\n    }\r\n}",
        "startup": "{\r\n    \"done\": \")! For help, type \",\r\n    \"userInteraction\": [\r\n        \"Go to eula.txt for more info.\"\r\n    ]\r\n}",
        "logs": "{\r\n    \"custom\": false,\r\n    \"location\": \"logs\/latest.log\"\r\n}",
        "stop": "stop"
    },
    "scripts": {
        "installation": {
            "script": "#!\/bin\/ash\r\n# Forge Installation Script\r\n#\r\n# Server Files: \/mnt\/server\r\napk update\r\napk add curl\r\n\r\nif [ -z \"$MC_VERSION\" ] || [ \"$MC_VERSION\" == \"latest\" ]; then\r\n  FORGE_VERSION=$(echo $(curl -sSl http:\/\/files.minecraftforge.net\/maven\/net\/minecraftforge\/forge\/ | grep -A2 Latest | grep small) | grep  -o -e '[1].[0-9]*.[0-9]* - [0-9]*.[0-9]*.[0-9]*.[0-9]*' | sed 's\/ \/\/g')\r\nelse\r\n  FORGE_VERSION=$(echo $(curl -sl http:\/\/files.minecraftforge.net\/maven\/net\/minecraftforge\/forge\/index_$MC_VERSION.html | grep -A2 Latest | grep small) | grep  -o -e '[1].[0-9]*.[0-9]* - [0-9]*.[0-9]*.[0-9]*.[0-9]*' | sed 's\/ \/\/g')\r\nfi\r\n\r\ncd \/mnt\/server\r\n\r\necho -e \"\\nDownloading Forge Version $FORGE_VERSION\\n\"\r\ncurl -sS http:\/\/files.minecraftforge.net\/maven\/net\/minecraftforge\/forge\/$FORGE_VERSION\/forge-$FORGE_VERSION-installer.jar -o installer.jar\r\ncurl -sS http:\/\/files.minecraftforge.net\/maven\/net\/minecraftforge\/forge\/$FORGE_VERSION\/forge-$FORGE_VERSION-universal.jar -o $SERVER_JARFILE\r\n\r\necho -e \"\\nInstalling forge server usint the installer jar file.\\n\"\r\njava -jar installer.jar --installServer\r\n\r\necho -e \"\\nDeleting installer jar file and cleaning up.\\n\"\r\nrm -rf installer.jar",
            "container": "openjdk:8-alpine",
            "entrypoint": "ash"
        }
    },
    "variables": [
        {
            "name": "Server Jar File",
            "description": "The name of the Jarfile to use when running Forge Mod.",
            "env_variable": "SERVER_JARFILE",
            "default_value": "server.jar",
            "user_viewable": 1,
            "user_editable": 1,
            "rules": "required|regex:\/^([\\w\\d._-]+)(\\.jar)$\/"
        },
        {
            "name": "Minecraft version",
            "description": "The version of minecraft that you want to run. Example (1.10.2).",
            "env_variable": "MC_VERSION",
            "default_value": "latest",
            "user_viewable": 1,
            "user_editable": 1,
            "rules": "required|string|max:20"
        }
    ]
}